pH,CN_mM,Fe_mM,filename
7,0.2,0.1,pH7_HCN0p2mM_Fe0p10mM.csv
7,0.4,0.1,pH7_HCN0p4mM_Fe0p10mM.csv
7,0.6,0.02,pH7_HCN0p6mM_Fe0p02mM.csv
7,0.6,0.05,pH7_HCN0p6mM_Fe0p05mM.csv
7,0.6,0.07,pH7_HCN0p6mM_Fe0p07mM.csv
7,0.6,0.1,pH7_HCN0p6mM_Fe0p10mM.csv
7,0.6,0.2,pH7_HCN0p6mM_Fe0p20mM.csv
7,0.9,0.1,pH7_HCN0p9mM_Fe0p10mM.csv
8,0.2,0.1,pH8_HCN0p2mM_Fe0p10mM.csv
8,0.4,0.1,pH8_HCN0p4mM_Fe0p10mM.csv
8,0.6,0.02,pH8_HCN0p6mM_Fe0p02mM.csv
8,0.6,0.05,pH8_HCN0p6mM_Fe0p05mM.csv
8,0.6,0.07,pH8_HCN0p6mM_Fe0p07mM.csv
8,0.6,0.1,pH8_HCN0p6mM_Fe0p10mM.csv
8,0.6,0.2,pH8_HCN0p6mM_Fe0p20mM.csv
8,0.9,0.1,pH8_HCN0p9mM_Fe0p10mM.csv
9,0.2,0.1,pH9_HCN0p2mM_Fe0p10mM.csv
9,0.4,0.1,pH9_HCN0p4mM_Fe0p10mM.csv
9,0.6,0.02,pH9_HCN0p6mM_Fe0p02mM.csv
9,0.6,0.05,pH9_HCN0p6mM_Fe0p05mM.csv
9,0.6,0.07,pH9_HCN0p6mM_Fe0p07mM.csv
9,0.6,0.1,pH9_HCN0p6mM_Fe0p10mM.csv
9,0.6,0.2,pH9_HCN0p6mM_Fe0p20mM.csv
9,0.9,0.1,pH9_HCN0p9mM_Fe0p10mM.csv
