time_sec,concentration_mM
0,#NAME?
5,0.007874465
10,0.00783915
15,0.010473926
20,0.008352549
25,0.011654874
30,0.012064381
35,0.010779483
40,0.010244293
45,0.011339151
50,0.013250608
55,0.011698511
60,0.013608334
65,0.011283608
70,0.013948275
75,0.011627141
80,0.012363456
85,0.011904043
90,0.012027094
95,0.014596177
100,0.012752486
105,0.014793587
110,0.012426521
115,0.014985493
120,0.01505276
125,0.012998226
130,0.012745852
135,0.013083429
140,0.015274082
145,0.01316189
150,0.013204923
155,0.012967212
160,0.015448845
165,0.013093422
170,0.01334714
175,0.013202776
180,0.013407868
185,0.011027476
190,0.015708883
195,0.013348148
200,0.013511398
205,0.01593605
210,0.015955535
215,0.015916018
220,0.01357137
225,0.013640555
230,0.013667593
235,0.013679318
240,0.016193479
