0.000833333,0.638973653
0.0025,0.643941164
0.004166667,0.649645984
0.005833334,0.658516526
0.0075,0.663709879
0.009166667,0.656410575
0.010833334,0.662807703
0.0125,0.662560999
0.014166667,0.665081441
0.015833333,0.667674601
0.0175,0.664687991
0.019166667,0.668127716
0.020833334,0.683597982
0.022499999,0.690497339
0.024166666,0.686779976
0.025833333,0.690842271
0.0275,0.694686353
0.029166667,0.698084176
0.030833332,0.696432412
0.032499999,0.698011339
0.034166668,0.697788775
0.035833333,0.698955953
0.037500001,0.702458441
0.039166667,0.703339577
0.040833335,0.707653344
0.0425,0.710979164
0.044166666,0.709122241
0.045833334,0.711754918
0.047499999,0.716178238
0.049166668,0.719643831
0.050833333,0.719615936
0.052499998,0.72175771
0.054166667,0.722928405
0.055833332,0.724416554
0.057500001,0.727251589
0.059166666,0.730949998
0.060833331,0.732720077
0.0625,0.733234167
0.064166665,0.734606743
0.065833338,0.736555159
0.067500003,0.73974961
0.069166668,0.740567446
0.070833333,0.740933299
0.072500005,0.741712093
0.07416667,0.742954433
0.075833336,0.744509101
0.077500001,0.747884095
0.079166666,0.750928283
0.080833338,0.75035131
0.082500003,0.75183636
0.084166668,0.753708124
0.085833333,0.755590081
0.087499999,0.757389486
0.089166671,0.759255827
0.090833336,0.761110842
0.092500001,0.762901068
0.094166666,0.764422357
0.095833331,0.76543951
0.097500004,0.765794694
0.099166669,0.767052591
0.100833334,0.769612372
0.102499999,0.772239983
0.104166664,0.774459362
0.105833337,0.774125814
0.107500002,0.775293231
0.109166667,0.776165247
0.110833332,0.777580977
0.112499997,0.779220104
0.11416667,0.780945778
0.115833335,0.782907784
0.1175,0.785611272
0.119166665,0.787756741
0.12083333,0.788799942
0.122500002,0.790389657
0.124166668,0.791657329
0.125833333,0.791533828
0.127499998,0.792463064
0.129166663,0.793527246
0.130833343,0.794853151
0.132500008,0.796502709
0.134166673,0.797833085
0.135833338,0.799163818
0.137500003,0.80096978
0.139166668,0.80251497
0.140833333,0.803846955
0.142499998,0.805099428
0.144166678,0.806788325
0.145833328,0.808223903
0.147500008,0.809585273
0.149166659,0.81066829
0.150833339,0.812019289
0.152500004,0.812980413
0.154166669,0.81308949
0.155833334,0.813375175
0.157499999,0.814658821
0.159166664,0.815679491
0.160833344,0.816641867
0.162499994,0.817507565
0.164166674,0.818994582
0.165833324,0.820347667
0.167500004,0.821630895
0.169166669,0.822683752
0.170833334,0.823675275
0.172499999,0.825176835
0.174166665,0.826706946
0.17583333,0.827842116
0.17750001,0.829388678
0.17916666,0.83066088
0.18083334,0.832108676
0.18249999,0.833058834
0.18416667,0.834103406
0.185833335,0.835179091
0.1875,0.836154163
0.189166665,0.836406291
0.19083333,0.837941051
0.192499995,0.839056909
0.194166675,0.840052962
0.195833325,0.840866745
0.197500005,0.841896534
0.199166656,0.843247294
0.200833336,0.844001114
0.202500001,0.84499228
0.204166666,0.84623915
0.205833331,0.847357094
0.207499996,0.848214805
0.209166661,0.848959267
0.210833341,0.850411058
0.212499991,0.851502359
0.214166671,0.852557957
0.215833321,0.85353595
0.217500001,0.8543486
0.219166666,0.856276929
0.220833331,0.857303023
0.222499996,0.858065367
0.224166662,0.859011948
0.225833327,0.860537112
0.227500007,0.861345589
0.229166657,0.862240791
0.230833337,0.863386035
0.232499987,0.86439836
0.234166667,0.86512053
0.235833332,0.86535424
0.237499997,0.866522431
0.239166662,0.867703855
0.240833327,0.868025482
0.242499992,0.869011581
0.244166672,0.870201409
0.245833322,0.870986819
0.247500002,0.872096002
0.249166653,0.872968853
0.250833333,0.87377739
0.252499998,0.874912143
0.254166663,0.875938714
0.255833328,0.876684606
0.257499993,0.877783597
0.259166658,0.878652215
0.260833353,0.879681826
0.262499988,0.880016923
0.264166683,0.881461203
0.265833318,0.882398367
0.267500013,0.883295238
0.269166678,0.884083092
0.270833343,0.885196686
0.272499979,0.886057437
0.274166673,0.886372805
0.275833339,0.887760639
0.277500004,0.888350308
0.279166669,0.889051735
0.280833334,0.88998872
0.282499999,0.89092356
0.284166664,0.891750217
0.285833329,0.892607987
0.287500024,0.893375993
0.289166659,0.893939674
0.290833324,0.894990444
0.292499989,0.895936489
0.294166684,0.896666706
0.295833349,0.89731431
0.297499985,0.898116708
0.29916665,0.899358153
0.300833345,0.900241971
0.30250001,0.900365949
0.304166675,0.901465654
0.30583331,0.902481973
0.307500005,0.903380692
0.30916667,0.903581262
0.310833335,0.904802024
0.3125,0.905703425
0.314166665,0.906191826
0.31583333,0.90700978
0.317499995,0.907659888
0.31916666,0.908584893
0.320833355,0.909625292
0.322499991,0.909876943
0.324166656,0.910965443
0.325833321,0.91201961
0.327500016,0.912452817
0.329166681,0.913058162
0.330833316,0.913888335
0.332499981,0.914521754
0.334166676,0.915461183
0.335833341,0.916121364
0.337500006,0.916580975
0.339166641,0.91753608
0.340833336,0.918679118
0.342500001,0.919082403
0.344166666,0.920027435
0.345833331,0.920949101
0.347499996,0.921533704
0.349166662,0.921827972
0.350833327,0.922909379
0.352499992,0.923554838
0.354166687,0.924694955
0.355833322,0.924959183
0.357499987,0.925398648
0.359166652,0.926712394
0.360833347,0.927167356
0.362500012,0.927844524
0.364166647,0.928640008
0.365833312,0.929335892
0.367500007,0.929939032
0.369166672,0.930858314
0.370833337,0.931201518
0.372499973,0.932208717
0.374166668,0.932613969
0.375833333,0.933151484
0.377499998,0.934457243
0.379166693,0.934674203
0.380833328,0.935610771
0.382499993,0.935844362
0.384166658,0.936366558
0.385833353,0.937651515
0.387500018,0.937924683
0.389166653,0.938679636
0.390833318,0.938933432
0.392500013,0.939786434
0.394166678,0.940817595
0.395833343,0.941180408
0.397499979,0.941895366
0.399166673,0.942621112
0.400833339,0.943053424
0.402500004,0.943513572
0.404166669,0.944434702
0.405833334,0.945058763
0.407499999,0.945560873
0.409166664,0.945792794
0.410833329,0.946705222
0.412500024,0.947185159
0.414166659,0.948012829
0.415833324,0.948165178
0.417499989,0.949143052
0.419166684,0.949760556
0.420833349,0.950428307
0.422499985,0.950585365
0.42416665,0.951766431
0.425833345,0.952288032
0.42750001,0.95266068
0.429166675,0.953236044
0.43083331,0.954010665
0.432500005,0.954450071
0.43416667,0.955489337
0.435833335,0.955589116
0.4375,0.956324637
0.439166665,0.956998885
0.44083333,0.957741499
0.442499995,0.958084703
0.44416666,0.958596528
0.445833355,0.958943605
0.447499991,0.960034788
0.449166656,0.960379601
0.450833321,0.960924923
0.452500016,0.961443842
0.454166681,0.961852014
0.455833316,0.962621152
0.457499981,0.963169277
0.459166676,0.963750362
0.460833341,0.964482904
0.462500006,0.964772761
0.464166641,0.96505785
0.465833336,0.965886712
0.467500001,0.966252863
0.469166666,0.96708262
0.470833331,0.967754185
0.472499996,0.968646824
0.474166662,0.968615413
0.475833327,0.968977571
0.477499992,0.969709814
0.479166687,0.97007817
0.480833322,0.970618904
0.482499987,0.9714638
0.484166652,0.97246933
0.485833347,0.972153127
0.487500012,0.973371565
0.489166647,0.973419905
0.490833312,0.973831296
0.492500007,0.974488199
0.494166672,0.974877775
0.495833337,0.975487649
0.497499973,0.975674033
0.499166668,0.976658285
0.500833333,0.976888895
0.502499998,0.977488458
0.504166663,0.977947414
0.505833328,0.978575885
0.507499993,0.979470849
0.509166658,0.979419053
0.510833323,0.980147421
0.512499988,0.98053515
0.514166653,0.981011927
0.515833318,0.981489897
0.517499983,0.982073605
0.519166648,0.98312515
0.520833373,0.983149231
0.522499979,0.98322922
0.524166644,0.983683467
0.525833309,0.98452431
0.527500033,0.984816074
0.529166699,0.984890521
0.530833304,0.985699654
0.532499969,0.986110866
0.534166694,0.986482024
0.535833299,0.987157106
0.537500024,0.987994254
0.539166629,0.987891793
0.540833354,0.988519371
0.542500019,0.9890306
0.544166625,0.989415884
0.545833349,0.990313709
0.547500014,0.990544736
0.549166679,0.990504265
0.550833345,0.991539002
0.55249995,0.991934776
0.554166675,0.992411494
0.55583334,0.992663622
0.557500005,0.992932677
0.55916667,0.993585944
0.560833335,0.994483829
0.5625,0.994510651
0.564166665,0.994980872
0.56583333,0.995491147
0.567499995,0.995574415
0.56916666,0.996207655
0.570833325,0.996529639
0.572499991,0.997427106
0.574166715,0.997449696
0.575833321,0.99779135
0.577499986,0.998093247
0.579166651,0.9986794
0.580833316,0.998910308
0.582500041,0.999795437
0.584166646,0.999587655
0.585833311,1.000550866
0.587500036,1.000957489
0.589166641,1.001249671
0.590833366,1.00161469
0.592499971,1.002107024
0.594166637,1.002333164
0.595833361,1.002889395
0.597499967,1.003175974
0.599166691,1.003391027
0.600833356,1.004611015
0.602499962,1.004424095
0.604166687,1.004977465
0.605833292,1.005244136
0.607500017,1.005967975
0.609166682,1.005859256
0.610833287,1.006319523
0.612500012,1.006981492
0.614166677,1.007105112
0.615833342,1.007322788
0.617500007,1.008055091
0.619166613,1.008707881
0.620833337,1.008977175
0.622500002,1.008991599
0.624166668,1.009477973
0.625833333,1.009759784
0.627499998,1.010911942
0.629166663,1.010657787
0.630833328,1.010799646
0.632500053,1.01158011
0.634166658,1.012040019
0.635833323,1.012264371
0.637499988,1.013067126
0.639166653,1.013472676
0.640833378,1.013247728
0.642499983,1.013828754
0.644166648,1.01412797
0.645833373,1.014899731
0.647499979,1.014860153
0.649166703,1.015264511
0.650833309,1.015025139
0.652499974,1.015755415
0.654166699,1.016491175
0.655833304,1.016219378
0.657500029,1.016838908
0.659166694,1.017907381
0.660833299,1.017476439
0.662500024,1.018104792
0.664166629,1.018547058
0.665833354,1.019067168
0.667500019,1.019362807
0.669166625,1.019424438
0.670833349,1.019777656
0.672500014,1.020268917
0.674166679,1.021132588
0.675833345,1.020809293
0.67749995,1.021188498
0.679166675,1.021538973
0.68083334,1.022193551
0.682500005,1.02262485
0.68416667,1.0225389
0.685833335,1.022996664
0.6875,1.023481607
0.689166665,1.023765922
0.69083333,1.023680687
0.692499995,1.024561644
0.69416666,1.024682403
0.695833325,1.024817467
0.697499991,1.024962664
0.699166715,1.025931835
0.700833321,1.025772452
0.702499986,1.026188493
0.704166651,1.026658773
0.705833316,1.02756691
0.707500041,1.027408719
0.709166646,1.027268291
0.710833311,1.02770412
0.712500036,1.028565168
0.714166641,1.028820038
0.715833366,1.028851628
0.717499971,1.029305696
0.719166637,1.029623032
0.720833361,1.029945374
0.722499967,1.030195236
0.724166691,1.030438542
0.725833356,1.030799031
0.727499962,1.031112671
0.729166687,1.031485677
0.730833292,1.031807542
0.732500017,1.032310724
0.734166682,1.032741308
0.735833287,1.032769561
0.737500012,1.03286016
0.739166677,1.033748865
0.740833342,1.034015656
0.742500007,1.033714771
0.744166613,1.034246802
0.745833337,1.03463769
0.747500002,1.034609079
0.749166668,1.035149217
0.750833333,1.035349131
0.752499998,1.036151528
0.754166663,1.03659761
0.755833328,1.036210895
0.757500053,1.036564112
0.759166658,1.037450671
0.760833323,1.037267208
0.762499988,1.036985755
0.764166653,1.037561178
0.765833378,1.037950516
0.767499983,1.03889823
0.769166648,1.038644075
0.770833373,1.038912773
0.772499979,1.039315701
0.774166703,1.039548635
0.775833309,1.040006638
0.777499974,1.040338635
0.779166699,1.041099548
0.780833304,1.04107213
0.782500029,1.041406155
0.784166694,1.041558027
0.785833299,1.042144418
0.787500024,1.042226791
0.789166629,1.04190433
0.790833354,1.042482495
0.792500019,1.043044209
0.794166625,1.0430094
0.795833349,1.043186188
0.797500014,1.043786645
0.799166679,1.044018149
0.800833345,1.044584394
0.80249995,1.044179916
0.804166675,1.044567466
0.80583334,1.045411229
0.807500005,1.045442104
0.80916667,1.045666456
0.810833335,1.045419335
0.8125,1.046306252
0.814166665,1.046722054
0.81583333,1.046329379
0.817499995,1.046955466
0.81916666,1.047617674
0.820833325,1.047553539
0.822499991,1.047257423
0.824166715,1.048272371
0.825833321,1.048708558
0.827499986,1.048949122
0.829166651,1.049105406
0.830833316,1.049124718
0.832500041,1.049686074
0.834166646,1.049799919
0.835833311,1.049418688
0.837500036,1.049921036
0.839166641,1.050791621
0.840833366,1.050841331
0.842499971,1.051067829
0.844166637,1.051209092
0.845833361,1.051795244
0.847499967,1.052144289
0.849166691,1.051987171
0.850833356,1.052212596
0.852499962,1.052586555
0.854166687,1.052873015
0.855833292,1.052971005
0.857500017,1.053408027
0.859166682,1.053718328
0.860833287,1.054288268
0.862500012,1.053685427
0.864166677,1.054618955
0.865833342,1.054984212
0.867500007,1.054827452
0.869166613,1.054656982
0.870833337,1.055494547
0.872500002,1.05625689
0.874166668,1.05602324
0.875833333,1.056248426
0.877499998,1.056210279
0.879166663,1.056759715
0.880833328,1.056946516
0.882500053,1.057027817
0.884166658,1.057523727
0.885833323,1.05773437
0.887499988,1.057736516
0.889166653,1.057815909
0.890833378,1.058064699
0.892499983,1.058874369
0.894166648,1.05934751
0.895833373,1.058994174
0.897499979,1.059429407
0.899166703,1.059532404
0.900833309,1.059793472
0.902499974,1.060069919
0.904166699,1.060418367
0.905833304,1.060695052
0.907500029,1.061213493
0.909166694,1.060486913
0.910833299,1.060925961
0.912500024,1.061880827
0.914166629,1.061348796
0.915833354,1.061714172
0.917500019,1.061894059
0.919166625,1.062318683
0.920833349,1.062688828
0.922500014,1.062778115
0.924166679,1.063236952
0.925833345,1.06350553
0.92749995,1.063412666
0.929166675,1.063676715
0.93083334,1.063820004
0.932500005,1.06455338
0.93416667,1.064937949
0.935833335,1.064655066
0.9375,1.064567685
0.939166665,1.064827561
0.94083333,1.065284848
0.942499995,1.065481782
0.94416666,1.065919161
0.945833325,1.066897035
0.947499991,1.066556215
0.949166715,1.06631422
0.950833321,1.066641808
0.952499986,1.067230582
0.954166651,1.067632079
0.955833316,1.067645669
0.957500041,1.067515612
0.959166646,1.067838311
0.960833311,1.068317652
0.962500036,1.06808567
0.964166641,1.068143845
0.965833366,1.069206595
0.967499971,1.069006801
0.969166637,1.069285393
0.970833361,1.06934607
0.972499967,1.070028543
0.974166691,1.070414901
0.975833356,1.070316553
0.977499962,1.069976807
0.979166687,1.070648551
0.980833292,1.070812821
0.982500017,1.071005702
0.984166682,1.071503758
0.985833287,1.071723938
0.987500012,1.071485639
0.989166677,1.072324276
0.990833342,1.072092295
0.992500007,1.072470784
0.994166613,1.072890043
0.995833337,1.072633266
0.997500002,1.072876453
0.999166668,1.073279858
1.000833392,1.073367596
1.002500057,1.073480129
1.004166722,1.073783278
1.005833387,1.07459116
1.007500052,1.074671865
1.009166718,1.074654698
1.010833383,1.07441783
1.012500048,1.074941993
1.014166713,1.074923396
1.015833378,1.075040698
1.017500043,1.075491786
1.019166708,1.076337576
1.020833373,1.076380014
1.022500038,1.075713754
1.024166703,1.076653838
1.025833368,1.076952457
1.027500033,1.07725203
1.029166698,1.076813102
1.030833364,1.076983929
1.032500029,1.077481031
1.034166694,1.077946305
1.035833359,1.077701807
1.037500024,1.077710867
1.039166689,1.078639984
1.040833473,1.078680515
1.042500019,1.078305006
1.044166684,1.078946948
1.045833349,1.079517841
1.047500014,1.079416513
1.049166799,1.079675198
1.050833344,1.079666734
1.05250001,1.079955578
1.054166794,1.08009851
1.05583334,1.080201745
1.057500124,1.080693126
1.05916667,1.080601215
1.060833335,1.081351399
1.062500119,1.080622435
1.064166665,1.081260085
1.065833449,1.081753969
1.067500114,1.081862688
1.06916666,1.081540346
1.070833325,1.082216978
1.07250011,1.082769156
1.074166775,1.083051682
1.07583344,1.082750559
1.077499986,1.082759142
1.079166651,1.083386421
1.080833435,1.083624959
1.0825001,1.083357692
1.084166765,1.084062457
1.085833311,1.08423841
1.087499976,1.084219933
1.08916676,1.084291577
1.090833426,1.084385395
1.092500091,1.084466577
1.094166756,1.084919214
1.095833302,1.084818244
1.097500086,1.085288167
1.099166751,1.085873485
1.100833416,1.085951447
1.102500081,1.085596442
1.104166627,1.086129665
1.105833411,1.086390495
1.107500076,1.086636424
1.109166741,1.086346865
1.110833406,1.086202383
1.112499952,1.087481737
1.114166737,1.087282062
1.115833402,1.087062597
1.117500067,1.087468266
1.119166732,1.088082314
1.120833397,1.088131428
1.122500062,1.087838054
1.124166727,1.088162899
1.125833392,1.08861804
1.127500057,1.088767886
1.129166722,1.088716507
1.130833387,1.089081287
1.132500052,1.089829326
1.134166718,1.089673758
1.135833383,1.089730024
1.137500048,1.089582205
1.139166832,1.090281129
1.140833378,1.090276003
1.142500043,1.09066844
1.144166708,1.090729833
1.145833373,1.091101885
1.147500157,1.091407657
1.149166703,1.090885401
1.150833368,1.091607451
1.152500033,1.09231019
1.154166698,1.0914222
1.155833483,1.092121601
1.157500029,1.092190981
1.159166694,1.092674136
1.160833359,1.09266603
1.162500024,1.09275198
1.164166808,1.09252727
1.165833473,1.093158245
1.167500019,1.093312979
1.169166684,1.093025327
1.170833349,1.093691468
1.172500134,1.094009995
1.174166799,1.094143748
1.175833344,1.093976378
1.17750001,1.094259739
1.179166675,1.094693422
1.180833459,1.09533298
1.182500124,1.094646931
1.18416667,1.094614863
1.185833335,1.095453739
1.1875,1.09531641
1.189166784,1.095660686
1.190833449,1.095718026
1.192500114,1.096165419
1.19416666,1.096553683
1.195833325,1.096465826
1.19750011,1.096634269
1.199166775,1.096518993
1.20083344,1.096927881
1.202499986,1.096703768
1.204166651,1.09700501
1.205833435,1.097224712
1.2075001,1.097751856
1.209166765,1.097862959
1.210833311,1.097801685
1.212499976,1.098699927
1.21416676,1.09831965
1.215833426,1.098110676
1.217500091,1.0990417
1.219166756,1.098964691
1.220833302,1.099145055
1.222500086,1.098896861
1.224166751,1.099388599
1.225833416,1.099907994
1.227500081,1.099822044
1.229166627,1.099869728
1.230833411,1.100027561
1.232500076,1.100519538
1.234166741,1.10068965
1.235833406,1.099925995
1.237499952,1.100678086
1.239166737,1.100952029
1.240833402,1.101353049
1.242500067,1.10109067
1.244166732,1.101304173
1.245833397,1.101454496
1.247500062,1.101689339
1.249166727,1.101336479
1.250833392,1.102632284
1.252500057,1.102307796
1.254166722,1.102583647
1.255833387,1.103077531
1.257500052,1.102825403
1.259166718,1.103157163
1.260833383,1.103140235
1.262500048,1.102861166
1.264166832,1.103293419
1.265833378,1.103766799
1.267500043,1.10443604
1.269166708,1.103713274
1.270833373,1.104307652
1.272500157,1.104714632
1.274166703,1.104662538
1.275833368,1.104884267
1.277500033,1.105108976
1.279166698,1.105306745
1.280833483,1.104658127
1.282500029,1.105494261
1.284166694,1.105658293
1.285833359,1.106117249
1.287500024,1.106032133
1.289166808,1.106092811
1.290833473,1.106002212
1.292500019,1.106693745
1.294166684,1.106521964
1.295833349,1.106734872
1.297500134,1.106816053
1.299166799,1.107368112
1.300833344,1.107158065
1.30250001,1.107064605
1.304166675,1.107783079
1.305833459,1.107974172
1.307500124,1.1076262
1.30916667,1.108226538
1.310833335,1.108001113
1.3125,1.108959198
1.314166784,1.108486414
1.315833449,1.108888149
1.317500114,1.108704805
1.31916666,1.109377146
1.320833325,1.108798862
1.32250011,1.10896039
1.324166775,1.109157562
1.32583344,1.110007524
1.327499986,1.109971404
1.329166651,1.109949708
1.330833435,1.109722614
1.3325001,1.110603452
1.334166765,1.110713601
1.335833311,1.110531211
1.337499976,1.111102462
1.33916676,1.111070037
1.340833426,1.110840559
1.342500091,1.111060619
1.344166756,1.110971212
1.345833302,1.111649275
1.347500086,1.111733079
1.349166751,1.111709714
1.350833416,1.112326622
1.352500081,1.112468362
1.354166627,1.11221683
1.355833411,1.112916231
1.357500076,1.112855315
1.359166741,1.113328338
1.360833406,1.112893701
1.362499952,1.112799644
1.364166737,1.113663435
1.365833402,1.113156676
1.367500067,1.113488555
1.369166732,1.114019036
1.370833397,1.114067435
1.372500062,1.114450812
1.374166727,1.114823461
1.375833392,1.114731431
1.377500057,1.114582539
1.379166722,1.114982963
1.380833387,1.115199804
1.382500052,1.114930272
1.384166718,1.115483403
1.385833383,1.11578846
1.387500048,1.115399361
1.389166832,1.115459204
1.390833378,1.11596632
1.392500043,1.116268158
1.394166708,1.116042376
1.395833373,1.116076946
1.397500157,1.116656899
1.399166703,1.117237449
1.400833368,1.11702764
1.402500033,1.117028594
1.404166698,1.117234349
1.405833483,1.117777228
1.407500029,1.117464542
1.409166694,1.117191672
1.410833359,1.117662072
1.412500024,1.117846966
1.414166808,1.117765307
1.415833473,1.117730737
1.417500019,1.11806953
1.419166684,1.11860323
1.420833349,1.119032383
1.422500134,1.118758559
1.424166799,1.118878722
1.425833344,1.119179964
1.42750001,1.119487882
1.429166675,1.119250894
1.430833459,1.119106889
1.432500124,1.119801879
1.43416667,1.120054722
1.435833335,1.119820833
1.4375,1.120479822
1.439166784,1.120583415
1.440833449,1.120764971
1.442500114,1.120346308
1.44416666,1.120666027
1.445833325,1.120810032
1.44750011,1.121382833
1.449166775,1.121214509
1.45083344,1.121404171
1.452499986,1.121703029
1.454166651,1.121526957
1.455833435,1.121791124
1.4575001,1.122161627
1.459166765,1.122468591
1.460833311,1.122014403
1.462499976,1.122454047
1.46416676,1.122591615
1.465833426,1.122798085
1.467500091,1.1229949
1.469166756,1.122688293
1.470833302,1.12269783
1.472500086,1.123764277
1.474166751,1.123649836
1.475833416,1.123356819
1.477500081,1.123338461
1.479166627,1.124350905
1.480833411,1.124037862
1.482500076,1.124216676
1.484166741,1.124193192
1.485833406,1.124311447
1.487499952,1.124599695
1.489166737,1.124893546
1.490833402,1.124836445
1.492500067,1.12503612
1.494166732,1.125192165
1.495833397,1.12509954
1.497500062,1.125584364
1.499166727,1.126396894
1.500833392,1.12589252
1.502500057,1.125791073
1.504166722,1.1258955
1.505833387,1.126465917
1.507500052,1.126809359
1.509166718,1.126710534
1.510833383,1.126702905
1.512500048,1.126954556
1.514166832,1.127372026
1.515833378,1.127069235
1.517500043,1.127867222
1.519166708,1.127625704
1.520833373,1.12778759
1.522500157,1.127944827
1.524166703,1.12840271
1.525833368,1.12863493
1.527500033,1.127912045
1.529166698,1.128242135
1.530833483,1.12861979
1.532500029,1.128357649
1.534166694,1.12883842
1.535833359,1.128982663
1.537500024,1.128683329
1.539166808,1.129609227
1.540833473,1.12912786
1.542500019,1.129158974
1.544166684,1.129367709
1.545833349,1.129565597
1.547500134,1.130186915
1.549166799,1.129856586
1.550833344,1.130052567
1.55250001,1.12996316
1.554166675,1.130861759
1.555833459,1.130503654
1.557500124,1.130228043
1.55916667,1.13094902
1.560833335,1.130795717
1.5625,1.131147265
1.564166784,1.131182194
1.565833449,1.131687999
1.567500114,1.131440878
1.56916666,1.131543517
1.570833325,1.132184148
1.57250011,1.132460594
1.574166775,1.132240772
1.57583344,1.13198328
1.577499986,1.13254714
1.579166651,1.132169962
1.580833435,1.132681012
1.5825001,1.132775664
1.584166765,1.132551908
1.585833311,1.133406401
1.587499976,1.133800268
1.58916676,1.132885337
1.590833426,1.133357286
1.592500091,1.133481503
1.594166756,1.13403213
1.595833302,1.133483052
1.597500086,1.134638071
1.599166751,1.134402156
1.600833416,1.13405931
1.602500081,1.134811759
1.604166627,1.134358048
1.605833411,1.135239005
1.607500076,1.135300994
1.609166741,1.134736419
1.610833406,1.135048032
1.612499952,1.135552645
1.614166737,1.135258555
1.615833402,1.135161519
1.617500067,1.13591063
1.619166732,1.135946631
1.620833397,1.135421753
1.622500062,1.135997415
1.624166727,1.136021852
1.625833392,1.1369946
1.627500057,1.136697769
1.629166722,1.136368513
1.630833387,1.136585236
1.632500052,1.136891842
1.634166718,1.137217641
1.635833383,1.13689959
1.637500048,1.137812972
1.639166832,1.137855172
1.640833378,1.138150215
1.642500043,1.137896061
1.644166708,1.13818264
1.645833373,1.13850987
1.647500157,1.138525844
1.649166703,1.13832438
1.650833368,1.138183832
1.652500033,1.138800025
1.654166698,1.138781428
1.655833483,1.138755798
1.657500029,1.139148474
1.659166694,1.139320612
1.660833359,1.138988256
1.662500024,1.139052987
1.664166808,1.139741302
1.665833473,1.139915466
1.667500019,1.140084743
1.669166684,1.139487624
1.670833349,1.14071548
1.672500134,1.140527725
1.674166799,1.140473962
1.675833344,1.140607595
1.67750001,1.141030312
1.679166675,1.141281366
1.680833459,1.140986323
1.682500124,1.14090097
1.68416667,1.140962839
1.685833335,1.141597867
1.6875,1.141616702
1.689166784,1.141631484
1.690833449,1.141608477
1.692500114,1.14204371
1.69416666,1.142060518
1.695833325,1.141841531
1.69750011,1.142266989
1.699166775,1.143104553
1.70083344,1.142641068
1.702499986,1.142252564
1.704166651,1.142835975
1.705833435,1.143272877
1.7075001,1.14343977
1.709166765,1.143420577
1.710833311,1.142841458
1.712499976,1.143602252
1.71416676,1.143365622
1.715833426,1.143377185
1.717500091,1.143714547
1.719166756,1.144762397
1.720833302,1.144257545
1.722500086,1.144200802
1.724166751,1.144358754
1.725833416,1.144738555
1.727500081,1.145139337
1.729166627,1.144602776
1.730833411,1.145141602
1.732500076,1.145290852
1.734166741,1.145244837
1.735833406,1.145319104
1.737499952,1.145790219
1.739166737,1.146066308
1.740833402,1.145627737
1.742500067,1.14588654
1.744166732,1.146031737
1.745833397,1.146154881
1.747500062,1.146638393
1.749166727,1.14656496
1.750833392,1.146284342
1.752500057,1.146554112
1.754166722,1.146932721
1.755833387,1.147183418
1.757500052,1.147230387
1.759166718,1.147199988
1.760833383,1.147325754
1.762500048,1.147232533
1.764166832,1.147538424
1.765833378,1.147535086
1.767500043,1.148067355
1.769166708,1.148015618
1.770833373,1.147990346
1.772500157,1.148342133
1.774166703,1.14878881
1.775833368,1.148226738
1.777500033,1.14866221
1.779166698,1.149161816
1.780833483,1.148618817
1.782500029,1.148817658
1.784166694,1.149010062
1.785833359,1.149324179
1.787500024,1.149383187
1.789166808,1.149299026
1.790833473,1.149635792
1.792500019,1.149923325
1.794166684,1.150059938
1.795833349,1.150218844
1.797500134,1.149526954
1.799166799,1.150538564
1.800833344,1.150733232
1.80250001,1.150537252
1.804166675,1.150756478
1.805833459,1.151271582
1.807500124,1.150643349
1.80916667,1.15056479
1.810833335,1.151335001
1.8125,1.151693463
1.814166784,1.151536345
1.815833449,1.151440024
1.817500114,1.151359797
1.81916666,1.151934624
1.820833325,1.152137041
1.82250011,1.151351929
1.824166775,1.152078509
1.82583344,1.152644038
1.827499986,1.153031349
1.829166651,1.152369261
1.830833435,1.15261054
1.8325001,1.153065562
1.834166765,1.153184772
1.835833311,1.153149366
1.837499976,1.152858496
1.83916676,1.153641939
1.840833426,1.153409481
1.842500091,1.153561592
1.844166756,1.153809905
1.845833302,1.153753757
1.847500086,1.153794289
1.849166751,1.153924227
1.850833416,1.154147625
1.852500081,1.154839158
1.854166627,1.154422641
1.855833411,1.154467583
1.857500076,1.154396892
1.859166741,1.154830337
1.860833406,1.154524803
1.862499952,1.1551615
1.864166737,1.155407548
1.865833402,1.155464053
1.867500067,1.15510273
1.869166732,1.155616403
1.870833397,1.155185819
1.872500062,1.155717015
1.874166727,1.156135917
1.875833392,1.156078339
1.877500057,1.155986547
1.879166722,1.156140566
1.880833387,1.156703115
1.882500052,1.155787587
1.884166718,1.156458735
1.885833383,1.157200933
1.887500048,1.157108784
1.889166832,1.156758428
1.890833378,1.157047629
1.892500043,1.157276869
1.894166708,1.157788515
1.895833373,1.157619119
1.897500157,1.157026887
1.899166703,1.157756925
1.900833368,1.15850091
1.902500033,1.15748477
1.904166698,1.15791285
1.905833483,1.158943892
1.907500029,1.157965302
1.909166694,1.158461213
1.910833359,1.158606648
1.912500024,1.158875465
1.914166808,1.15869391
1.915833473,1.158985376
1.917500019,1.159317017
1.919166684,1.159282088
1.920833349,1.159385443
1.922500134,1.159431934
1.924166799,1.159666181
1.925833344,1.160349965
1.92750001,1.159346819
1.929166675,1.159630418
1.930833459,1.15981698
1.932500124,1.160443783
1.93416667,1.160829425
1.935833335,1.160104275
1.9375,1.160794735
1.939166784,1.161107779
1.940833449,1.160887599
1.942500114,1.161019325
1.94416666,1.16132009
1.945833325,1.161243558
1.94750011,1.161398292
1.949166775,1.161229849
1.95083344,1.161631584
1.952499986,1.162266016
1.954166651,1.161242008
1.955833435,1.161858559
1.9575001,1.162100792
1.959166765,1.162139416
1.960833311,1.162797332
1.962499976,1.162461996
1.96416676,1.162484407
1.965833426,1.162924767
1.967500091,1.163037777
1.969166756,1.16264534
1.970833302,1.163215399
1.972500086,1.16356802
1.974166751,1.163472652
1.975833416,1.163163543
1.977500081,1.163046002
1.979166627,1.164041877
1.980833411,1.163424611
1.982500076,1.164075017
1.984166741,1.163639426
1.985833406,1.164269209
1.987499952,1.164186597
1.989166737,1.164232612
1.990833402,1.164363146
1.992500067,1.164547205
1.994166732,1.164876461
1.995833397,1.164394855
1.997500062,1.165342808
1.999166727,1.165476441
2.000833273,1.165171385
2.002499819,1.165529251
2.004166603,1.165523171
2.005833387,1.165691853
2.007499933,1.165740252
2.009166718,1.165596724
2.010833263,1.165810585
2.012499809,1.166355491
2.014166594,1.16568172
2.015833378,1.16602242
2.017499924,1.166547537
2.01916647,1.166564822
2.020833254,1.166805983
2.022500038,1.166245937
2.024166584,1.166573405
2.025833368,1.16673851
2.027499914,1.166897655
2.02916646,1.167115688
2.030833244,1.167106032
2.032500029,1.16802299
2.034166574,1.167551279
2.035833359,1.167284369
2.037499905,1.1677562
2.039166689,1.168001652
2.040833235,1.16760993
2.042500019,1.167948484
2.044166565,1.167881131
2.045833111,1.168708205
2.047499895,1.168569446
2.049166679,1.168625355
2.050833225,1.168990016
2.05250001,1.169174433
2.054166555,1.168846011
2.05583334,1.169072509
2.057499886,1.168848515
2.05916667,1.170039773
2.060833216,1.169593573
2.0625,1.169548273
2.064166546,1.169309855
2.06583333,1.169947267
2.067499876,1.169952989
2.06916666,1.169746041
2.070833206,1.170133233
2.07249999,1.170407653
2.074166536,1.170310378
2.075833321,1.170692325
2.077499866,1.170604944
2.079166651,1.171095729
2.080833435,1.170568228
2.082499981,1.170518398
2.084166527,1.171018124
2.085833311,1.171342731
2.087499857,1.1709553
2.089166641,1.171309352
2.090833187,1.171522021
2.092499971,1.171540618
2.094166517,1.171937466
2.095833302,1.17149961
2.097500086,1.172074676
2.099166632,1.172182918
2.100833178,1.171827793
2.102499962,1.171947241
2.104166508,1.171855569
2.105833292,1.173143744
2.107500076,1.172943711
2.109166622,1.172340155
2.110833168,1.172929764
2.112499952,1.173173308
2.114166737,1.172671676
2.115833282,1.173749924
2.117499828,1.173482895
2.119166613,1.173968554
2.120833158,1.173665047
2.122499943,1.173795819
2.124166727,1.173483014
2.125833273,1.174013853
2.127499819,1.17393136
2.129166603,1.173959613
2.130833387,1.173870683
2.132499933,1.174705744
2.134166718,1.17469573
2.135833263,1.174044967
2.137499809,1.174271703
2.139166594,1.17453146
2.140833139,1.174786448
2.142499924,1.175180435
2.144166708,1.174968958
2.145833254,1.175307512
2.147500038,1.17549789
2.149166584,1.174987912
2.150833368,1.175848484
2.152500153,1.176196933
2.15416646,1.175948977
2.155833244,1.175486445
2.15749979,1.17624414
2.159166574,1.176034689
2.160833359,1.176644087
2.162499905,1.175349951
2.164166689,1.176208019
2.165833235,1.176793933
2.167500019,1.176707983
2.169166803,1.176429033
2.170833111,1.176909447
2.172499895,1.176879525
2.174166441,1.177460313
2.175833225,1.177565217
2.17750001,1.177133679
2.179166555,1.177937508
2.18083334,1.177673221
2.182499886,1.177923799
2.18416667,1.178384304
2.185833454,1.178258777
2.1875,1.17773509
2.189166546,1.17822361
2.190833092,1.178563118
2.192499876,1.17862916
2.19416666,1.178581715
2.195833206,1.178495169
2.19749999,1.178796887
2.199166536,1.179514527
2.200833321,1.178842068
2.202500105,1.179415822
2.204166651,1.179240465
2.205833435,1.179812551
2.207499743,1.1789428
2.209166527,1.179397345
2.210833311,1.179701805
2.212499857,1.17939353
2.214166641,1.180569887
2.215833187,1.180213809
2.217499971,1.180155873
2.219166756,1.180365562
2.220833302,1.180261254
2.222500086,1.180238366
2.224166393,1.18074739
2.225833178,1.180671096
2.227499962,1.180442214
2.229166508,1.181191444
2.230833292,1.181276679
2.232499838,1.181824446
2.234166622,1.181529522
2.235833406,1.18106997
2.237499952,1.181857109
2.239166737,1.18152988
2.240833282,1.181496382
2.242499828,1.18165648
2.244166613,1.181301236
2.245833158,1.182361841
2.247499943,1.18242681
2.249166489,1.182073593
2.250833273,1.18248713
2.252500057,1.182525635
2.254166603,1.182299495
2.255833387,1.182432652
2.257499933,1.182768226
2.259166718,1.182860494
2.260833263,1.182857871
2.262499809,1.182816386
2.264166594,1.182895899
2.265833139,1.183454871
2.267499924,1.18309772
2.269166708,1.18329525
2.270833254,1.183487177
2.272500038,1.183700204
2.274166584,1.184318185
2.275833368,1.183920145
2.277500153,1.18370688
2.27916646,1.184004903
2.280833244,1.184356213
2.28249979,1.183848619
2.284166574,1.184668779
2.285833359,1.184720278
2.287499905,1.184708238
2.289166689,1.183935165
2.290833235,1.18496263
2.292500019,1.185039043
2.294166803,1.185502291
2.295833111,1.185224175
2.297499895,1.185046911
2.299166441,1.185574532
2.300833225,1.186050653
2.30250001,1.185357213
2.304166555,1.185709953
2.30583334,1.18591094
2.307499886,1.18601954
2.30916667,1.185871243
2.310833454,1.186037064
2.3125,1.186045051
2.314166546,1.186593294
2.315833092,1.186605096
2.317499876,1.186673403
2.31916666,1.186840057
2.320833206,1.1871804
2.32249999,1.186901212
2.324166536,1.186723948
2.325833321,1.187387943
2.327500105,1.187040687
2.329166651,1.187308192
2.330833435,1.187692046
2.332499743,1.187949181
2.334166527,1.187506557
2.335833311,1.187458634
2.337499857,1.187752008
2.339166641,1.188745022
2.340833187,1.188591599
2.342499971,1.188061476
2.344166756,1.188601732
2.345833302,1.188645244
2.347500086,1.188695908
2.349166393,1.188465834
2.350833178,1.188348889
2.352499962,1.189123631
2.354166508,1.18919754
2.355833292,1.188823462
2.357499838,1.189413667
2.359166622,1.189573526
2.360833406,1.189619899
2.362499952,1.189249873
2.364166737,1.189312577
2.365833282,1.189993024
2.367499828,1.190034509
2.369166613,1.189523578
2.370833158,1.189906001
2.372499943,1.190518975
2.374166489,1.190345645
2.375833273,1.190470219
2.377500057,1.190493703
2.379166603,1.190948367
2.380833387,1.19109273
2.382499933,1.19064045
2.384166718,1.191154599
2.385833263,1.191310167
2.387499809,1.191194057
2.389166594,1.190938473
2.390833139,1.191347122
2.392499924,1.191915154
2.394166708,1.191759467
2.395833254,1.191651464
2.397500038,1.191811562
2.399166584,1.192614198
2.400833368,1.192270517
2.402500153,1.192298651
2.40416646,1.192183733
2.405833244,1.192627072
2.40749979,1.192885399
2.409166574,1.19205904
2.410833359,1.192619205
2.412499905,1.192742825
2.414166689,1.192735195
2.415833235,1.19265008
2.417500019,1.193318605
2.419166803,1.193205714
2.420833111,1.193356156
2.422499895,1.193523288
2.424166441,1.192919731
2.425833225,1.193645477
2.42750001,1.194201827
2.429166555,1.194095373
2.43083334,1.193747282
2.432499886,1.194149733
2.43416667,1.194476247
2.435833454,1.193960667
2.4375,1.194162726
2.439166546,1.195198774
2.440833092,1.194346428
2.442499876,1.194443822
2.44416666,1.194379926
2.445833206,1.195050597
2.44749999,1.194630265
2.449166536,1.194887996
2.450833321,1.194657564
2.452500105,1.19516623
2.454166651,1.195529103
2.455833435,1.195529699
2.457499743,1.195091248
2.459166527,1.195633888
2.460833311,1.195829988
2.462499857,1.195433736
2.464166641,1.195459962
2.465833187,1.196647286
2.467499971,1.196681619
2.469166756,1.196239114
2.470833302,1.195866823
2.472500086,1.196941853
2.474166393,1.19654429
2.475833178,1.196452975
2.477499962,1.196457982
2.479166508,1.196771502
2.480833292,1.196952105
2.482499838,1.197048306
2.484166622,1.196968555
2.485833406,1.197734594
2.487499952,1.197365403
2.489166737,1.197376609
2.490833282,1.197688103
2.492499828,1.197993755
2.494166613,1.197583556
2.495833158,1.197961688
2.497499943,1.197694659
2.499166489,1.198172212
2.500833273,1.198373437
2.502500057,1.19793427
2.504166603,1.198037386
2.505833387,1.19829905
2.507499933,1.199000716
2.509166718,1.198262334
2.510833263,1.198144436
2.512499809,1.198727965
2.514166594,1.199092627
2.515833139,1.198791146
2.517499924,1.198839784
2.519166708,1.199248791
2.520833254,1.199782729
2.522500038,1.199531436
2.524166584,1.199408412
2.525833368,1.199827671
2.527500153,1.200029612
2.52916646,1.200479984
2.530833244,1.199580431
2.53249979,1.20075655
2.534166574,1.200348973
2.535833359,1.20012629
2.537499905,1.199967742
2.539166689,1.200355291
2.540833235,1.20008409
2.542500019,1.200351119
2.544166803,1.200568914
2.545833111,1.200858116
2.547499895,1.201230407
2.549166441,1.200818062
2.550833225,1.201010227
2.55250001,1.20141232
2.554166555,1.201626062
2.55583334,1.201230526
2.557499886,1.201763511
2.55916667,1.202601433
2.560833454,1.201978683
2.5625,1.201492786
2.564166546,1.201727629
2.565833092,1.202496171
2.567499876,1.202541709
2.56916666,1.202153802
2.570833206,1.202244997
2.57249999,1.2027601
2.574166536,1.20285964
2.575833321,1.202308655
2.577500105,1.202702165
2.579166651,1.203216672
2.580833435,1.202941179
2.582499743,1.203240752
2.584166527,1.202937841
2.585833311,1.203715563
2.587499857,1.203695297
2.589166641,1.203395963
2.590833187,1.203331709
2.592499971,1.203446031
2.594166756,1.204216003
2.595833302,1.203262568
2.597500086,1.204126835
2.599166393,1.204470515
2.600833178,1.203884959
2.602499962,1.203896642
2.604166508,1.20424521
2.605833292,1.204896092
2.607499838,1.20457375
2.609166622,1.204283357
2.610833406,1.204948902
2.612499952,1.204969525
2.614166737,1.205363274
2.615833282,1.204959035
2.617499828,1.204864979
2.619166613,1.20547533
2.620833158,1.205281973
2.622499943,1.204812169
2.624166489,1.205399275
2.625833273,1.205793619
2.627500057,1.205857992
2.629166603,1.205970049
2.630833387,1.206057787
2.632499933,1.20598805
2.634166718,1.206159234
2.635833263,1.205844164
2.637499809,1.20662272
2.639166594,1.206552863
2.640833139,1.206429482
2.642499924,1.206320405
2.644166708,1.206873536
2.645833254,1.207144618
2.647500038,1.206757784
2.649166584,1.206423998
2.650833368,1.206461668
2.652500153,1.207262158
2.65416646,1.206792474
2.655833244,1.207550049
2.65749979,1.207529068
2.659166574,1.20796752
2.660833359,1.207848787
2.662499905,1.207512736
2.664166689,1.207802892
2.665833235,1.208525896
2.667500019,1.208009005
2.669166803,1.208141685
2.670833111,1.207895875
2.672499895,1.208748698
2.674166441,1.208288431
2.675833225,1.207902908
2.67750001,1.208579898
2.679166555,1.208902359
2.68083334,1.20935595
2.682499886,1.208361983
2.68416667,1.208601594
2.685833454,1.209372759
2.6875,1.209304929
2.689166546,1.209437728
2.690833092,1.209197521
2.692499876,1.209365249
2.69416666,1.209463239
2.695833206,1.20969677
2.69749999,1.209846616
2.699166536,1.210189462
2.700833321,1.210208416
2.702500105,1.209818006
2.704166651,1.209687233
2.705833435,1.210280061
2.707499743,1.210862279
2.709166527,1.210549951
2.710833311,1.210427165
2.712499857,1.210929155
2.714166641,1.210791945
2.715833187,1.210299492
2.717499971,1.211260796
2.719166756,1.210657358
2.720833302,1.210935712
2.722500086,1.210990787
2.724166393,1.211503029
2.725833178,1.211840153
2.727499962,1.211665392
2.729166508,1.211352229
2.730833292,1.211452484
2.732499838,1.211919069
2.734166622,1.211729765
2.735833406,1.211357951
2.737499952,1.211853385
2.739166737,1.212110281
2.740833282,1.212169051
2.742499828,1.211967587
2.744166613,1.212465048
2.745833158,1.213034749
2.747499943,1.212421417
2.749166489,1.212266088
2.750833273,1.21269393
2.752500057,1.213250756
2.754166603,1.212914228
2.755833387,1.212468624
2.757499933,1.212821603
2.759166718,1.213163495
2.760833263,1.213308692
2.762499809,1.213470221
2.764166594,1.213362813
2.765833139,1.213734269
2.767499924,1.213711143
2.769166708,1.213499308
2.770833254,1.213828087
2.772500038,1.21397078
2.774166584,1.214395761
2.775833368,1.213810802
2.777500153,1.213794112
2.77916646,1.214828014
2.780833244,1.214474797
2.78249979,1.214253902
2.784166574,1.214348674
2.785833359,1.214781642
2.787499905,1.215191364
2.789166689,1.214249372
2.790833235,1.21465826
2.792500019,1.215028048
2.794166803,1.214990616
2.795833111,1.215190172
2.797499895,1.214955568
2.799166441,1.215793967
2.800833225,1.215528369
2.80250001,1.215421081
2.804166555,1.215182304
2.80583334,1.215535641
2.807499886,1.215857863
2.80916667,1.2153548
2.810833454,1.215407372
2.8125,1.216719508
2.814166546,1.216366291
2.815833092,1.216258764
2.817499876,1.216190577
2.81916666,1.216658473
2.820833206,1.216894746
2.82249999,1.216668248
2.824166536,1.216420293
2.825833321,1.216966033
2.827500105,1.217121124
2.829166651,1.216248751
2.830833435,1.216803551
2.832499743,1.216911793
2.834166527,1.217238545
2.835833311,1.216948748
2.837499857,1.217214704
2.839166641,1.217486501
2.840833187,1.217177272
2.842499971,1.21777308
2.844166756,1.21733439
2.845833302,1.217944741
2.847500086,1.217974782
2.849166393,1.218297958
2.850833178,1.21815443
2.852499962,1.218611121
2.854166508,1.218284011
2.855833292,1.217778206
2.857499838,1.218022108
2.859166622,1.218340755
2.860833406,1.21860826
2.862499952,1.218455195
2.864166737,1.218742967
2.865833282,1.219017744
2.867499828,1.219060302
2.869166613,1.218717217
2.870833158,1.218829393
2.872499943,1.219548941
2.874166489,1.218851328
2.875833273,1.219112158
2.877500057,1.21962285
2.879166603,1.220234275
2.880833387,1.219573498
2.882499933,1.219317794
2.884166718,1.219798803
2.885833263,1.220436811
2.887499809,1.219803452
2.889166594,1.220033646
2.890833139,1.220300317
2.892499924,1.220266581
2.894166708,1.221297145
2.895833254,1.220327735
2.897500038,1.220655203
2.899166584,1.220848441
2.900833368,1.221202016
2.902500153,1.220266581
2.90416646,1.220756054
2.905833244,1.220832229
2.90749979,1.220586181
2.909166574,1.220508814
2.910833359,1.220870256
2.912499905,1.221691012
2.914166689,1.221477032
2.915833235,1.220861316
2.917500019,1.221705437
2.919166803,1.221585035
2.920833111,1.222090244
2.922499895,1.221345782
2.924166441,1.222180247
2.925833225,1.222577929
2.92750001,1.222225547
2.929166555,1.221956611
2.93083334,1.222253442
2.932499886,1.22256875
2.93416667,1.222634315
2.935833454,1.222257972
2.9375,1.222630858
2.939166546,1.222946525
2.940833092,1.22265029
2.942499876,1.222387552
2.94416666,1.222717166
2.945833206,1.223100781
2.94749999,1.223430634
2.949166536,1.223156691
2.950833321,1.223132133
2.952500105,1.224300861
2.954166651,1.223176479
2.955833435,1.223351121
2.957499743,1.223552108
2.959166527,1.223886728
2.960833311,1.22429955
2.962499857,1.223175526
2.964166641,1.223955393
2.965833187,1.224058628
2.967499971,1.223820448
2.969166756,1.224315882
2.970833302,1.224130988
2.972500086,1.22468698
2.974166393,1.224160314
2.975833178,1.224335432
2.977499962,1.224222541
2.979166508,1.225297809
2.980833292,1.224703789
2.982499838,1.225212336
2.984166622,1.224502563
2.985833406,1.225176096
2.987499952,1.225194454
2.989166737,1.225411177
2.990833282,1.225241303
2.992499828,1.226127625
2.994166613,1.225729585
2.995833158,1.225178242
2.997499943,1.225235343
2.999166489,1.22576797
3.000833273,1.226068377
3.002500057,1.225279927
3.004166603,1.225770831
3.005833387,1.226247191
3.007499933,1.226037741
3.009166718,1.22591722
3.010833263,1.226286292
3.012499809,1.226729035
3.014166594,1.226351023
3.015833139,1.225977182
3.017499924,1.226195097
3.019166708,1.227344871
3.020833254,1.227144718
3.022500038,1.226532459
3.024166584,1.226710916
3.025833368,1.227090001
3.027500153,1.227068782
3.02916646,1.227535844
3.030833244,1.22703433
3.03249979,1.227243304
3.034166574,1.227140069
3.035833359,1.227155566
3.037499905,1.227348447
3.039166689,1.227966905
3.040833235,1.227576375
3.042500019,1.227418303
3.044166803,1.228199363
3.045833111,1.228035331
3.047499895,1.228176475
3.049166441,1.228101015
3.050833225,1.22839582
3.05250001,1.228499293
3.054166555,1.228215218
3.05583334,1.22777462
3.057499886,1.228289008
3.05916667,1.228669763
3.060833454,1.228919387
3.0625,1.22858572
3.064166546,1.228848457
3.065833092,1.229000449
3.067499876,1.228775859
3.06916666,1.229043365
3.070833206,1.228363276
3.07249999,1.229976654
3.074166536,1.229387522
3.075833321,1.228720307
3.077500105,1.229517698
3.079166651,1.2298733
3.080833435,1.229718208
3.082499743,1.229552746
3.084166527,1.22977519
3.085833311,1.230468631
3.087499857,1.229730725
3.089166641,1.229808092
3.090833187,1.229798913
3.092499971,1.23103416
3.094166756,1.230455518
3.095833302,1.229921341
3.097500086,1.230190516
3.099166393,1.230675817
3.100833178,1.230085373
3.102499962,1.230769634
3.104166508,1.23078835
3.105833292,1.230814457
3.107499838,1.230740666
3.109166622,1.230248451
3.110833406,1.231305361
3.112499952,1.231401324
3.114166737,1.231280565
3.115833282,1.230898619
3.117499828,1.2310462
3.119166613,1.231986046
3.120833158,1.231680989
3.122499943,1.231180072
3.124166489,1.231569648
3.125833273,1.232036591
3.127500057,1.231588244
3.129166603,1.231620073
3.130833387,1.231427073
3.132499933,1.232254028
3.134166718,1.232151031
3.135833263,1.23199892
3.137499809,1.232053161
3.139166594,1.23304379
3.140833139,1.232436538
3.142499924,1.231609821
3.144166708,1.232689857
3.145833254,1.2329458
3.147500038,1.233202815
3.149166584,1.233537436
3.150833368,1.233151317
3.152500153,1.233490229
3.15416646,1.232966781
3.155833244,1.233060122
3.15749979,1.23361671
3.159166574,1.23391819
3.160833359,1.233255506
3.162499905,1.233042479
3.164166689,1.234061956
3.165833235,1.233654022
3.167500019,1.233545423
3.169166803,1.23362112
3.170833111,1.23361814
3.172499895,1.234395862
3.174166441,1.23420608
3.175833225,1.233698726
3.17750001,1.233804584
3.179166555,1.23421061
3.18083334,1.234239459
3.182499886,1.234186411
3.18416667,1.234440207
3.185833454,1.234707475
3.1875,1.234957457
3.189166546,1.234259605
3.190833092,1.234450698
3.192499876,1.234719396
3.19416666,1.235338807
3.195833206,1.234596491
3.19749999,1.234959483
3.199166536,1.235470533
3.200833321,1.235432386
3.202500105,1.235421658
3.204166651,1.234525204
3.205833435,1.235649705
3.207499743,1.23546803
3.209166527,1.235168695
3.210833311,1.235527158
3.212499857,1.236019373
3.214166641,1.235689282
3.215833187,1.23553741
3.217499971,1.236002088
3.219166756,1.236628294
3.220833302,1.235965967
3.222500086,1.23576045
3.224166393,1.236077547
3.225833178,1.237144589
3.227499962,1.236695766
3.229166508,1.235856891
3.230833292,1.235741258
3.232499838,1.236342192
3.234166622,1.237088561
3.235833406,1.23631835
3.237499952,1.236352801
3.239166737,1.237480164
3.240833282,1.236934066
3.242499828,1.237038851
3.244166613,1.236809969
3.245833158,1.237527251
3.247499943,1.237405658
3.249166489,1.237350702
3.250833273,1.237120628
3.252500057,1.237953782
3.254166603,1.237477779
3.255833387,1.236702919
3.257499933,1.236875534
3.259166718,1.238430381
3.260833263,1.237635016
3.262499809,1.237703562
3.264166594,1.237431288
3.265833139,1.238402605
3.267499924,1.23792851
3.269166708,1.237965822
3.270833254,1.237921357
3.272500038,1.238373876
3.274166584,1.238830686
3.275833368,1.238136292
3.277500153,1.238739491
3.27916646,1.23890698
3.280833244,1.238680005
3.28249979,1.239067793
3.284166574,1.239018559
3.285833359,1.239455223
3.287499905,1.239260077
3.289166689,1.238891721
3.290833235,1.238884926
3.292500019,1.239668727
3.294166803,1.238945603
3.295833111,1.238867998
3.297499895,1.239400983
3.299166441,1.239815235
3.300833225,1.239388108
3.30250001,1.239018679
3.304166555,1.239177823
3.30583334,1.239776731
3.307499886,1.240016341
3.30916667,1.239370227
3.310833454,1.23979497
3.3125,1.240491629
3.314166546,1.240454316
3.315833092,1.239335299
3.317499876,1.240448713
3.31916666,1.240182281
3.320833206,1.241054654
3.32249999,1.240084529
3.324166536,1.240379095
3.325833321,1.240489483
3.327500105,1.240458131
3.329166651,1.239987254
3.330833435,1.240700841
3.332499743,1.241181731
3.334166527,1.240629673
3.335833311,1.239976168
3.337499857,1.241142511
3.339166641,1.241364002
3.340833187,1.241990566
3.342499971,1.240467429
3.344166756,1.241463065
3.345833302,1.241690159
3.347500086,1.241436243
3.349166393,1.241514325
3.350833178,1.241667986
3.352499962,1.242068887
3.354166508,1.241865993
3.355833292,1.241119862
3.357499838,1.241334915
3.359166622,1.242307782
3.360833406,1.242384791
3.362499952,1.2423141
3.364166737,1.242162466
3.365833282,1.242466688
3.367499828,1.242195368
3.369166613,1.242048144
3.370833158,1.242625117
3.372499943,1.242384315
3.374166489,1.242987037
3.375833273,1.242209554
3.377500057,1.242828369
3.379166603,1.243516684
3.380833387,1.24373126
3.382499933,1.242946863
3.384166718,1.243355632
3.385833263,1.243083119
3.387499809,1.243206978
3.389166594,1.243012428
3.390833139,1.243272424
3.392499924,1.24401927
3.394166708,1.243979812
3.395833254,1.243424058
3.397500038,1.243678093
3.399166584,1.244604588
3.400833368,1.243814349
3.402500153,1.244081378
3.40416646,1.243252516
3.405833244,1.244616747
3.40749979,1.244466424
3.409166574,1.243851304
3.410833359,1.244483948
3.412499905,1.244350791
3.414166689,1.24457109
3.415833235,1.244612813
3.417500019,1.244177461
3.419166803,1.245002389
3.420833111,1.245535016
3.422499895,1.244456053
3.424166441,1.244574428
3.425833225,1.245098829
3.42750001,1.245130301
3.429166555,1.244771719
3.43083334,1.244843483
3.432499886,1.245819926
3.43416667,1.245281816
3.435833454,1.245285153
3.4375,1.245252252
3.439166546,1.245778918
3.440833092,1.245777369
3.442499876,1.24556458
3.44416666,1.245383382
3.445833206,1.246073604
3.44749999,1.246065497
3.449166536,1.245613813
3.450833321,1.245559335
3.452500105,1.246166945
3.454166651,1.24649334
3.455833435,1.245889425
3.457499743,1.246211648
3.459166527,1.245863199
3.460833311,1.246437311
3.462499857,1.246367097
3.464166641,1.246210933
3.465833187,1.247166872
3.467499971,1.24643755
3.469166756,1.246319294
3.470833302,1.246518493
3.472500086,1.246825457
3.474166393,1.246405602
3.475833178,1.246689796
3.477499962,1.247125268
3.479166508,1.247572303
3.480833292,1.247529864
3.482499838,1.247281671
3.484166622,1.247677803
3.485833406,1.247261047
3.487499952,1.247053146
3.489166737,1.247835279
3.490833282,1.247236848
3.492499828,1.247456074
3.494166613,1.247702241
3.495833158,1.248220444
3.497499943,1.247295737
3.499166489,1.248640299
3.500833273,1.24796021
3.502500057,1.247913003
3.504166603,1.247646093
3.505833387,1.248967052
3.507499933,1.248509765
3.509166718,1.24856317
3.510833263,1.248574495
3.512499809,1.249250889
3.514166594,1.248871207
3.515833139,1.248556733
3.517499924,1.248929024
3.519166708,1.248844862
3.520833254,1.248859406
3.522500038,1.248776197
3.524166584,1.248696327
3.525833368,1.24954915
3.527500153,1.249132991
3.52916646,1.248964667
3.530833244,1.249168873
3.53249979,1.249331713
3.534166574,1.249481559
3.535833359,1.249556899
3.537499905,1.249777675
3.539166689,1.250220537
3.540833235,1.249307275
3.542500019,1.250145793
3.544166803,1.249626756
3.545833111,1.249767184
3.547499895,1.250044703
3.549166441,1.250346541
3.550833225,1.250313163
3.55250001,1.2509166
3.554166555,1.249938965
3.55583334,1.250227332
3.557499886,1.249614596
3.55916667,1.251075983
3.560833454,1.249805927
3.5625,1.250573397
3.564166546,1.250286818
3.565833092,1.251181364
3.567499876,1.250873566
3.56916666,1.25083673
3.570833206,1.250885606
3.57249999,1.25121665
3.574166536,1.251597404
3.575833321,1.250712991
3.577500105,1.251246095
3.579166651,1.250946879
3.580833435,1.251650214
3.582499743,1.250374436
3.584166527,1.251273632
3.585833311,1.251342416
3.587499857,1.251874924
3.589166641,1.251223326
3.590833187,1.251953959
3.592499971,1.251314521
3.594166756,1.251741409
3.595833302,1.250922322
3.597500086,1.251424789
3.599166393,1.251969099
3.600833178,1.252774358
3.602499962,1.25180757
3.604166508,1.251505971
3.605833292,1.252690554
3.607499838,1.252756357
3.609166622,1.251926303
3.610833406,1.25218451
3.612499952,1.252987862
3.614166737,1.252571344
3.615833282,1.252007008
3.617499828,1.252609372
3.619166613,1.253432035
3.620833158,1.252671599
3.622499943,1.253071189
3.624166489,1.253334999
3.625833273,1.253547788
3.627500057,1.252992511
3.629166603,1.252841234
3.630833387,1.253671288
3.632499933,1.253878832
3.634166718,1.254122734
3.635833263,1.253038645
3.637499809,1.253518581
3.639166594,1.254332423
3.640833139,1.253542662
3.642499924,1.253616333
3.644166708,1.25404346
3.645833254,1.253643632
3.647500038,1.253759623
3.649166584,1.253623843
3.650833368,1.253976703
3.652500153,1.254198313
3.65416646,1.254444957
3.655833244,1.254122138
3.65749979,1.254390836
3.659166574,1.254763484
3.660833359,1.254054785
3.662499905,1.254358411
3.664166689,1.254805923
3.665833235,1.254714489
3.667500019,1.254573703
3.669166803,1.254139662
3.670833111,1.2546947
3.672499895,1.255193472
3.674166441,1.255152106
3.675833225,1.255506873
3.67750001,1.255501032
3.679166555,1.255108953
3.68083334,1.255737066
3.682499886,1.255141735
3.68416667,1.255618572
3.685833454,1.256017327
3.6875,1.255901694
3.689166546,1.2549299
3.690833092,1.255892277
3.692499876,1.255896807
3.69416666,1.255944014
3.695833206,1.255449533
3.69749999,1.255356908
3.699166536,1.256434441
3.700833321,1.256226778
3.702500105,1.255396724
3.704166651,1.255980849
3.705833435,1.255956531
3.707499743,1.256533027
3.709166527,1.256381869
3.710833311,1.256286144
3.712499857,1.256798625
3.714166641,1.256497741
3.715833187,1.256166101
3.717499971,1.256431222
3.719166756,1.256892681
3.720833302,1.256965041
3.722500086,1.256286621
3.724166393,1.256694317
3.725833178,1.257929564
3.727499962,1.256873608
3.729166508,1.256911874
3.730833292,1.257612586
3.732499838,1.257305741
3.734166622,1.257411122
3.735833406,1.257477641
3.737499952,1.257243633
3.739166737,1.257627487
3.740833282,1.258088112
3.742499828,1.257530451
3.744166613,1.257317543
3.745833158,1.257820725
3.747499943,1.257625461
3.749166489,1.25734365
3.750833273,1.257797122
3.752500057,1.258154631
3.754166603,1.258406878
3.755833387,1.258457422
3.757499933,1.257217407
3.759166718,1.258293033
3.760833263,1.258066535
3.762499809,1.258037925
3.764166594,1.258087993
3.765833139,1.258865356
3.767499924,1.258607149
3.769166708,1.258710623
3.770833254,1.258522987
3.772500038,1.259244442
3.774166584,1.258945465
3.775833368,1.258809686
3.777500153,1.258771658
3.77916646,1.259083986
3.780833244,1.259810925
3.78249979,1.259273291
3.784166574,1.25901866
3.785833359,1.259112477
3.787499905,1.259796023
3.789166689,1.259308219
3.790833235,1.259181619
3.792500019,1.260069013
3.794166803,1.26003027
3.795833111,1.259554744
3.797499895,1.259958267
3.799166441,1.25999856
3.800833225,1.260033488
3.80250001,1.259899855
3.804166555,1.260296106
3.80583334,1.260374665
3.807499886,1.260268688
3.80916667,1.259697556
3.810833454,1.260627627
3.8125,1.261018276
3.814166546,1.260781169
3.815833092,1.259998679
3.817499876,1.260886431
3.81916666,1.260558963
3.820833206,1.260424972
3.82249999,1.260308981
3.824166536,1.260888338
3.825833321,1.260922551
3.827500105,1.260640621
3.829166651,1.260808825
3.830833435,1.260485649
3.832499743,1.261471748
3.834166527,1.261475444
3.835833311,1.260622859
3.837499857,1.260654211
3.839166641,1.261404395
3.840833187,1.261503935
3.842499971,1.261103272
3.844166756,1.261157393
3.845833302,1.262533307
3.847500086,1.261589408
3.849166393,1.261498213
3.850833178,1.261402369
3.852499962,1.261948943
3.854166508,1.261992335
3.855833292,1.26198864
3.857499838,1.262001991
3.859166622,1.262607813
3.860833406,1.262012005
3.862499952,1.262301564
3.864166737,1.261688113
3.865833282,1.262437701
3.867499828,1.262696743
3.869166613,1.26239264
3.870833158,1.262835622
3.872499943,1.262780905
3.874166489,1.262866259
3.875833273,1.262790442
3.877500057,1.263207674
3.879166603,1.26307261
3.880833387,1.263205886
3.882499933,1.263066649
3.884166718,1.263026237
3.885833263,1.263540387
3.887499809,1.263671875
3.889166594,1.263488889
3.890833139,1.263445139
3.892499924,1.263716817
3.894166708,1.263508797
3.895833254,1.263035774
3.897500038,1.26353991
3.899166584,1.263842225
3.900833368,1.26412487
3.902500153,1.263324499
3.90416646,1.263979197
3.905833244,1.264168739
3.90749979,1.264017344
3.909166574,1.26392436
3.910833359,1.26335597
3.912499905,1.264091969
3.914166689,1.264217854
3.915833235,1.263895035
3.917500019,1.263830185
3.919166803,1.264677405
3.920833111,1.2646451
3.922499895,1.263929844
3.924166441,1.265075684
3.925833225,1.264627814
3.92750001,1.265400171
3.929166555,1.264074683
3.93083334,1.264861584
3.932499886,1.2649225
3.93416667,1.265253782
3.935833454,1.264994621
3.9375,1.265128851
3.939166546,1.265791893
3.940833092,1.265225053
3.942499876,1.264882803
3.94416666,1.265695214
3.945833206,1.265781641
3.94749999,1.26530838
3.949166536,1.265552282
3.950833321,1.265535355
3.952500105,1.26616025
3.954166651,1.265379071
3.955833435,1.266266704
3.957499743,1.266324639
3.959166527,1.266612768
3.960833311,1.265864372
3.962499857,1.26534009
3.964166641,1.265983701
3.965833187,1.266884923
3.967499971,1.266033411
3.969166756,1.266127944
3.970833302,1.266209722
3.972500086,1.266896486
3.974166393,1.266807318
3.975833178,1.26624763
3.977499962,1.266592026
3.979166508,1.267436504
3.980833292,1.266918659
3.982499838,1.266643524
3.984166622,1.266588449
3.985833406,1.266897917
3.987499952,1.267286897
3.989166737,1.266384363
3.990833282,1.267087102
3.992499828,1.267778277
3.994166613,1.267657876
3.995833158,1.26686573
3.997499943,1.266900182
3.999166489,1.26806438
4.000833511,1.267827153